"Размер","П/П/М","П/П/С","П/П/Д","П/Н/М","П/Н/С","П/Н/Д","П/У/М","П/У/С","П/У/Д","С/П/М","С/П/С","С/П/Д","С/Н/М","С/Н/С","С/Н/Д","С/У/М","С/У/С","С/У/Д","Д/П/М","Д/П/С","Д/П/Д","Д/Н/М","Д/Н/С","Д/Н/Д","Д/У/М","Д/У/С","Д/У/Д"
"175/60/15","5000","4500","3500","3500","3000","2500","2500","2000","2000","4500","3500","2500","3500","3000","2000","2500","2000","1000","3500","3000","2000","2500","2000","1500","1000","1000","800"
"175/65/15","5000","4500","3500","3500","3000","2500","2500","2000","2000","4500","3500","2500","3500","3000","2000","2500","2000","1000","3500","3000","2000","2500","2000","1500","1000","1000","800"
"185/55/15","5500","5000","4000","4000","3500","3000","3000","2500","2500","5000","4000","3000","4000","3500","2500","3000","2500","1500","4000","3500","2500","3000","2500","2000","1500","1200","800"
"185/60/15","5500","5000","4000","4000","3500","3000","3000","2500","2500","5000","4000","3000","4000","3500","2500","3000","2500","1500","4000","3500","2500","3000","2500","2000","1500","1200","800"
"185/65/15","5500","5000","4000","4000","3500","3000","3000","2500","2500","5000","4000","3000","4000","3500","2500","3000","2500","1500","4000","3500","2500","3000","2500","2000","1500","1200","800"
"195/50/15","5500","5000","4000","4000","3500","3000","3000","2500","2500","5000","4000","3000","4000","3500","2500","3000","2500","1500","4000","3500","2500","3000","2500","2000","1500","1200","800"
"195/55/15","6000","5500","4500","4500","4000","3500","3500","3000","3000","5500","4500","3500","4500","4000","3000","3500","3000","2000","4500","4000","3000","3500","3000","2000","2000","1500","1000"
"195/60/15","5500","5000","4000","4000","3500","3000","3000","2500","2500","5000","4000","3000","4000","3500","2500","3000","2500","1500","4000","3500","2500","3000","2500","2000","1500","1200","800"
"195/65/15","5500","5000","4000","4000","3500","3000","3000","2500","2500","5000","4000","3000","4000","3500","2500","3000","2500","1500","4000","3500","2500","3000","2500","2000","1500","1200","800"
"195/70/15 С","7000","6000","5000","5000","4500","4000","4000","3500","3500","6000","5000","4000","5000","4500","3000","4000","3500","2500","5000","4500","3500","4000","3500","2500","2500","1600","1000"
"205/60/15","5500","5000","4000","4000","3500","3000","3000","2500","2500","5000","4000","3000","4000","3500","2500","3000","2500","1500","4000","3500","2500","3000","2500","2000","1500","1200","800"
"205/65/15","6000","5500","4500","4500","4000","3500","3500","3000","3000","5500","4500","3500","4500","4000","3000","3500","3000","2000","4500","4000","3000","3500","3000","2000","2000","1500","1000"
"205/70/15","7000","6000","5000","5000","4500","4000","4000","3500","3500","6000","5000","4000","5000","4500","3000","4000","3500","2500","5000","4500","3500","4000","3500","2500","2500","1600","1000"
"205/70/15 C","8000","7500","6000","6500","5500","4500","4500","4000","3500","7500","6500","4500","6500","5000","3500","4500","4000","2000","5500","4500","3500","4500","3500","3000","3000","2000","1000"
"215/65/15","7000","6000","5000","5000","4500","4000","4000","3500","3500","6000","5000","4000","5000","4500","3000","4000","3500","2500","5000","4500","3500","4000","3500","2500","2500","1600","1000"
"215/70/15","7000","6000","5000","5000","4500","4000","4000","3500","3500","6000","5000","4000","5000","4500","3000","4000","3500","2500","5000","4500","3500","4000","3500","2500","2500","1600","1000"
"215/70/15 С","7000","6000","5000","5000","4500","4000","4000","3500","3500","6000","5000","4000","5000","4500","3000","4000","3500","2500","5000","4500","3500","4000","3500","2500","2500","1600","1000"
"225/70/15 С","7000","6000","5000","5000","4500","4000","4000","3500","3500","6000","5000","4000","5000","4500","3000","4000","3500","2500","5000","4500","3500","4000","3500","2500","2500","1600","1000"
"235/75/15","7000","6000","5000","5000","4500","4000","4000","3500","3500","6000","5000","4000","5000","4500","3000","4000","3500","2500","5000","4500","3500","4000","3500","2500","2500","1600","1000"
"265/70/15","7000","6000","5000","5000","4500","4000","4000","3500","3500","6000","5000","4000","5000","4500","3000","4000","3500","2500","5000","4500","3500","4000","3500","2500","2500","1600","1000"
"195/45/16","8000","7500","6000","6500","5500","4500","4500","4000","3500","7500","6500","4500","6500","5000","3500","4500","4000","2000","5500","4500","3500","4500","3500","3000","3000","2000","1000"
"195/55/16","7500","7000","5500","6000","5000","4000","4000","3500","3500","7000","6000","4000","6000","4500","3000","4000","3500","1600","5000","4000","3000","4000","3500","2500","3000","1600","1000"
"205/45/16","8000","7500","6000","6500","5500","4500","4500","4000","3500","7500","6500","4500","6500","5000","3500","4500","4000","2000","5500","4500","3500","4500","3500","3000","3000","2000","1000"
"205/50/16","8000","7500","6000","6500","5500","4500","4500","4000","3500","7500","6500","4500","6500","5000","3500","4500","4000","2000","5500","4500","3500","4500","3500","3000","3000","2000","1000"
"205/55/16","7500","7000","5500","6000","5000","4000","4000","3500","3500","7000","6000","4000","6000","4500","3000","4000","3500","1600","5000","4000","3000","4000","3500","2500","3000","1600","1000"
"205/60/16","7500","7000","5500","6000","5000","4000","4000","3500","3500","7000","6000","4000","6000","4500","3000","4000","3500","1600","5000","4000","3000","4000","3500","2500","3000","1600","1000"
"205/65/16","7500","7000","5500","6000","5000","4000","4000","3500","3500","7000","6000","4000","6000","4500","3000","4000","3500","1600","5000","4000","3000","4000","3500","2500","3000","1600","1000"
"205/65/16 C","8500","8000","6500","7000","6000","5000","5000","4500","4000","8000","6500","5000","6500","5500","4000","5000","4500","2500","6000","5000","4000","5000","4000","3000","3500","2500","1600"
"215/45/16","8000","7500","6000","6500","5500","4500","4500","4000","3500","7500","6500","4500","6500","5000","3500","4500","4000","2000","5500","4500","3500","4500","3500","3000","3000","2000","1000"
"215/55/16","8000","7500","6000","6500","5500","4500","4500","4000","3500","7500","6500","4500","6500","5000","3500","4500","4000","2000","5500","4500","3500","4500","3500","3000","3000","2000","1000"
"215/60/16","8000","7500","6000","6500","5500","4500","4500","4000","3500","7500","6500","4500","6500","5000","3500","4500","4000","2000","5500","4500","3500","4500","3500","3000","3000","2000","1000"
"215/65/16","8000","7500","6000","6500","5500","4500","4500","4000","3500","7500","6500","4500","6500","5000","3500","4500","4000","2000","5500","4500","3500","4500","3500","3000","3000","2000","1000"
"215/65/16 C","8500","8000","6500","7000","6000","5000","5000","4500","4000","8000","6500","5000","6500","5500","4000","5000","4500","2500","6000","5000","4000","5000","4000","3000","3500","2500","1600"
"215/70/16","8000","7500","6000","6500","5500","4500","4500","4000","3500","7500","6500","4500","6500","5000","3500","4500","4000","2000","5500","4500","3500","4500","3500","3000","3000","2000","1000"
"225/55/16","8000","7500","6000","6500","5500","4500","4500","4000","3500","7500","6500","4500","6500","5000","3500","4500","4000","2000","5500","4500","3500","4500","3500","3000","3000","2000","1000"
"225/60/16","6000","5500","4500","4500","4000","3500","3500","3000","3000","5500","4500","3500","4500","4000","3000","3500","3000","2000","4500","4000","3000","3500","3000","2000","2000","1500","1000"
"225/70/16","8000","7500","6000","6500","5500","4500","4500","4000","3500","7500","6500","4500","6500","5000","3500","4500","4000","2000","5500","4500","3500","4500","3500","3000","3000","2000","1000"
"225/75/16","8000","7500","6000","6500","5500","4500","4500","4000","3500","7500","6500","4500","6500","5000","3500","4500","4000","2000","5500","4500","3500","4500","3500","3000","3000","2000","1000"
"235/60/16","8000","7500","6000","6500","5500","4500","4500","4000","3500","7500","6500","4500","6500","5000","3500","4500","4000","2000","5500","4500","3500","4500","3500","3000","3000","2000","1000"
"235/65/16 C","8500","8000","6500","7000","6000","5000","5000","4500","4000","8000","6500","5000","6500","5500","4000","5000","4500","2500","6000","5000","4000","5000","4000","3000","3500","2500","1600"
"235/70/16","9000","8500","7000","7500","6500","5500","6000","5500","4000","8000","7000","5500","7000","6000","5000","6000","5000","2500","7000","6000","5000","5500","4500","3500","4000","3000","2000"
"235/75/16","9000","8500","7000","7500","6500","5500","6000","5500","4000","8000","7000","5500","7000","6000","5000","6000","5000","2500","7000","6000","5000","5500","4500","3500","4000","3000","2000"
"245/70/16","9000","8500","7000","7500","6500","5500","6000","5500","4000","8000","7000","5500","7000","6000","5000","6000","5000","2500","7000","6000","5000","5500","4500","3500","4000","3000","2000"
"245/75/16","9000","8500","7000","7500","6500","5500","6000","5500","4000","8000","7000","5500","7000","6000","5000","6000","5000","2500","7000","6000","5000","5500","4500","3500","4000","3000","2000"
"255/70/16","8000","7500","6000","6500","5500","4500","4500","4000","3500","7500","6500","4500","6500","5000","3500","4500","4000","2000","5500","4500","3500","4500","3500","3000","3000","2000","1000"
"265/70/16","9000","8500","7000","7500","6500","5500","6000","5500","4000","8000","7000","5500","7000","6000","5000","6000","5000","2500","7000","6000","5000","5500","4500","3500","4000","3000","2000"
"265/75/16","9000","8500","7000","7500","6500","5500","6000","5500","4000","8000","7000","5500","7000","6000","5000","6000","5000","2500","7000","6000","5000","5500","4500","3500","4000","3000","2000"
"275/70/16","9000","8500","7000","7500","6500","5500","6000","5500","4000","8000","7000","5500","7000","6000","5000","6000","5000","2500","7000","6000","5000","5500","4500","3500","4000","3000","2000"
"205/45/17","12000","10000","7500","10000","8000","6000","6500","6000","4000","10000","8000","6500","9000","7000","6000","6500","5500","4000","8000","7000","5500","6000","5500","4000","4500","3500","2500"
"205/50/17","12000","10000","7500","10000","8000","6000","6500","6000","4000","10000","8000","6500","9000","7000","6000","6500","5500","4000","8000","7000","5500","6000","5500","4000","4500","3500","2500"
"205/55/17","9000","8500","7000","7500","6500","5500","6000","5500","4000","8000","7000","5500","7000","6000","5000","6000","5000","2500","7000","6000","5000","5500","4500","3500","4000","3000","2000"
"215/45/17","12000","10000","7500","10000","8000","6000","6500","6000","4000","10000","8000","6500","9000","7000","6000","6500","5500","4000","8000","7000","5500","6000","5500","4000","4500","3500","2500"
"215/50/17","12000","10000","7500","10000","8000","6000","6500","6000","4000","10000","8000","6500","9000","7000","6000","6500","5500","4000","8000","7000","5500","6000","5500","4000","4500","3500","2500"
"215/55/17","12000","10000","7500","10000","8000","6000","6500","6000","4000","10000","8000","6500","9000","7000","6000","6500","5500","4000","8000","7000","5500","6000","5500","4000","4500","3500","2500"
"215/60/17","12000","10000","7500","10000","8000","6000","6500","6000","4000","10000","8000","6500","9000","7000","6000","6500","5500","4000","8000","7000","5500","6000","5500","4000","4500","3500","2500"
"215/65/17","12000","10000","7500","10000","8000","6000","6500","6000","4000","10000","8000","6500","9000","7000","6000","6500","5500","4000","8000","7000","5500","6000","5500","4000","4500","3500","2500"
"225/45/17","13000","11000","8000","11000","9000","6500","7000","6000","4500","11000","9000","6500","9500","8000","6000","7000","6000","4000","8000","7000","5500","6000","5500","4000","4500","3500","2500"
"225/50/17","13000","11000","8000","11000","9000","6500","7000","6000","4500","11000","9000","6500","9500","8000","6000","7000","6000","4000","8000","7000","5500","6000","5500","4000","4500","3500","2500"
"225/55/17","13000","11000","8000","11000","9000","6500","7000","6000","4500","11000","9000","6500","9500","8000","6000","7000","6000","4000","8000","7000","5500","6000","5500","4000","4500","3500","2500"
"225/60/17","12000","10000","7500","10000","8000","6000","6500","6000","4000","10000","8000","6500","9000","7000","6000","6500","5500","4000","8000","7000","5500","6000","5500","4000","4500","3500","2500"
"225/65/17","12000","10000","7500","10000","8000","6000","6500","6000","4000","10000","8000","6500","9000","7000","6000","6500","5500","4000","8000","7000","5500","6000","5500","4000","4500","3500","2500"
"235/45/17","13000","11000","8000","11000","9000","6500","7000","6000","4500","11000","9000","6500","9500","8000","6000","7000","6000","4000","8000","7000","5500","6000","5500","4000","4500","3500","2500"
"235/50/17","12000","10000","7500","10000","8000","6000","6500","6000","4000","10000","8000","6500","9000","7000","6000","6500","5500","4000","8000","7000","5500","6000","5500","4000","4500","3500","2500"
"235/55/17","13000","11000","8000","11000","9000","6500","7000","6000","4500","11000","9000","6500","9500","8000","6000","7000","6000","4000","8000","7000","5500","6000","5500","4000","4500","3500","2500"
"235/60/17","12000","10000","7500","10000","8000","6000","6500","6000","4000","10000","8000","6500","9000","7000","6000","6500","5500","4000","8000","7000","5500","6000","5500","4000","4500","3500","2500"
"235/65/17","12000","10000","7500","10000","8000","6000","6500","6000","4000","10000","8000","6500","9000","7000","6000","6500","5500","4000","8000","7000","5500","6000","5500","4000","4500","3500","2500"
"245/40/17","13000","11000","8000","11000","9000","6500","7000","6000","4500","11000","9000","6500","9500","8000","6000","7000","6000","4000","8000","7000","5500","6000","5500","4000","4500","3500","2500"
"245/45/17","13000","11000","8000","11000","9000","6500","7000","6000","4500","11000","9000","6500","9500","8000","6000","7000","6000","4000","8000","7000","5500","6000","5500","4000","4500","3500","2500"
"245/65/17","12000","10000","7500","10000","8000","6000","6500","6000","4000","10000","8000","6500","9000","7000","6000","6500","5500","4000","8000","7000","5500","6000","5500","4000","4500","3500","2500"
"255/60/17","12000","10000","7500","10000","8000","6000","6500","6000","4000","10000","8000","6500","9000","7000","6000","6500","5500","4000","8000","7000","5500","6000","5500","4000","4500","3500","2500"
"255/65/17","12000","10000","7500","10000","8000","6000","6500","6000","4000","10000","8000","6500","9000","7000","6000","6500","5500","4000","8000","7000","5500","6000","5500","4000","4500","3500","2500"
"265/65/17","13000","11000","8000","11000","9000","6500","7000","6000","4500","11000","9000","6500","9500","8000","6000","7000","6000","4000","8000","7000","5500","6000","5500","4000","4500","3500","2500"
"265/70/17","10000","9000","7000","9000","7000","5500","6000","5500","4000","9000","7500","5500","7500","6000","5000","6000","5000","3000","7500","6500","5000","5500","4500","3500","4000","3000","2000"
"275/60/17","10000","9000","7000","9000","7000","5500","6000","5500","4000","9000","7500","5500","7500","6000","5000","6000","5000","3000","7500","6500","5000","5500","4500","3500","4000","3000","2000"
"275/65/17","12000","10000","7500","10000","8000","6000","6500","6000","4000","10000","8000","6500","9000","7000","6000","6500","5500","4000","8000","7000","5500","6000","5500","4000","4500","3500","2500"
"285/65/17","12000","10000","7500","10000","8000","6000","6500","6000","4000","10000","8000","6500","9000","7000","6000","6500","5500","4000","8000","7000","5500","6000","5500","4000","4500","3500","2500"
"215/55/18","12000","10000","7500","10000","8000","6000","6500","6000","4000","10000","8000","6500","9000","7000","6000","6500","5500","4000","8000","7000","5500","6000","5500","4000","4500","3500","2500"
"225/40/18","14000","12000","9000","11000","10000","7000","7000","6500","5000","12000","10000","7000","10000","9000","6000","7000","6000","5000","8500","7500","6000","6500","6000","4500","5000","4000","3000"
"225/45/18","15000","13000","9000","12000","10000","7000","7500","6500","5500","12000","11000","7500","11000","9500","6500","7500","6500","5000","9000","8000","6000","6500","6000","4500","5000","4000","3000"
"225/50/18","14000","12000","9000","11000","10000","7000","7000","6500","5000","12000","10000","7000","10000","9000","6000","7000","6000","5000","8500","7500","6000","6500","6000","4500","5000","4000","3000"
"225/55/18","14000","12000","9000","11000","10000","7000","7000","6500","5000","12000","10000","7000","10000","9000","6000","7000","6000","5000","8500","7500","6000","6500","6000","4500","5000","4000","3000"
"225/60/18","13000","11000","8000","11000","9000","6500","7000","6000","4500","11000","9000","6500","9500","8000","6000","7000","6000","4000","8000","7000","5500","6000","5500","4000","4500","3500","2500"
"225/65/18","12000","10000","7500","10000","8000","6000","6500","6000","4000","10000","8000","6500","9000","7000","6000","6500","5500","4000","8000","7000","5500","6000","5500","4000","4500","3500","2500"
"235/40/18","14000","12000","9000","11000","10000","7000","7000","6500","5000","12000","10000","7000","10000","9000","6000","7000","6000","5000","8500","7500","6000","6500","6000","4500","5000","4000","3000"
"235/45/18","16000","14000","10000","13000","11000","8000","8000","7000","6000","13000","11500","8000","11000","10000","7000","8000","7000","5500","9000","8000","6000","6500","6000","4500","5000","4000","3000"
"235/50/18","15000","13000","9000","12000","10000","7000","7500","6500","5500","12000","11000","7500","11000","9500","6500","7500","6500","5000","9000","8000","6000","6500","6000","4500","5000","4000","3000"
"235/55/18","15000","13000","9000","12000","10000","7000","7500","6500","5500","12000","11000","7500","11000","9500","6500","7500","6500","5000","9000","8000","6000","6500","6000","4500","5000","4000","3000"
"235/60/18","15000","13000","9000","12000","10000","7000","7500","6500","5500","12000","11000","7500","11000","9500","6500","7500","6500","5000","9000","8000","6000","6500","6000","4500","5000","4000","3000"
"235/65/18","15000","13000","9000","12000","10000","7000","7500","6500","5500","12000","11000","7500","11000","9500","6500","7500","6500","5000","9000","8000","6000","6500","6000","4500","5000","4000","3000"
"245/35/18","12000","10000","7500","10000","8000","6000","6500","6000","4000","10000","8000","6500","9000","7000","6000","6500","5500","4000","8000","7000","5500","6000","5500","4000","4500","3500","2500"
"245/40/18","15000","13000","9000","12000","10000","7000","7500","6500","5500","12000","11000","7500","11000","9500","6500","7500","6500","5000","9000","8000","6000","6500","6000","4500","5000","4000","3000"
"245/45/18","15000","13000","9000","12000","10000","7000","7500","6500","5500","12000","11000","7500","11000","9500","6500","7500","6500","5000","9000","8000","6000","6500","6000","4500","5000","4000","3000"
"245/50/18","16000","14000","10000","13000","11000","8000","8000","7000","6000","13000","11500","8000","11000","10000","7000","8000","7000","5500","9000","8000","6000","6500","6000","4500","5000","4000","3000"
"245/60/18","15000","13000","9000","12000","10000","7000","7500","6500","5500","12000","11000","7500","11000","9500","6500","7500","6500","5000","9000","8000","6000","6500","6000","4500","5000","4000","3000"
"255/35/18","15000","13000","9000","12000","10000","7000","7500","6500","5500","12000","11000","7500","11000","9500","6500","7500","6500","5000","9000","8000","6000","6500","6000","4500","5000","4000","3000"
"255/40/18","15000","13000","9000","12000","10000","7000","7500","6500","5500","12000","11000","7500","11000","9500","6500","7500","6500","5000","9000","8000","6000","6500","6000","4500","5000","4000","3000"
"255/45/18","16000","14000","10000","13000","11000","8000","8000","7000","6000","13000","11500","8000","11000","10000","7000","8000","7000","5500","9000","8000","6000","6500","6000","4500","5000","4000","3000"
"255/55/18","15000","13000","9000","12000","10000","7000","7500","6500","5500","12000","11000","7500","11000","9500","6500","7500","6500","5000","9000","8000","6000","6500","6000","4500","5000","4000","3000"
"255/60/18","15000","13000","9000","12000","10000","7000","7500","6500","5500","12000","11000","7500","11000","9500","6500","7500","6500","5000","9000","8000","6000","6500","6000","4500","5000","4000","3000"
"265/35/18","16000","14000","10000","13000","11000","8000","8000","7000","6000","13000","11500","8000","11000","10000","7000","8000","7000","5500","9000","8000","6000","6500","6000","4500","5000","4000","3000"
"265/60/18","16000","14000","10000","13000","11000","8000","8000","7000","6000","13000","11500","8000","11000","10000","7000","8000","7000","5500","9000","8000","6000","6500","6000","4500","5000","4000","3000"
"275/35/18","16000","14000","10000","13000","11000","8000","8000","7000","6000","13000","11500","8000","11000","10000","7000","8000","7000","5500","9000","8000","6000","6500","6000","4500","5000","4000","3000"
"275/40/18","18000","15000","11000","14000","12000","9000","9000","8000","7000","14000","12000","9000","12000","11000","8000","8500","7500","6000","10000","9000","6500","7500","7000","5000","5500","4500","3500"
"275/60/18","12000","10000","7500","10000","8000","6000","6500","6000","4000","10000","8000","6500","9000","7000","6000","6500","5500","4000","8000","7000","5500","6000","5500","4000","4500","3500","2500"
"285/35/18","16000","14000","10000","13000","11000","8000","8000","7000","6000","13000","11500","8000","11000","10000","7000","8000","7000","5500","9000","8000","6000","6500","6000","4500","5000","4000","3000"
"285/40/18","16000","14000","10000","13000","11000","8000","8000","7000","6000","13000","11500","8000","11000","10000","7000","8000","7000","5500","9000","8000","6000","6500","6000","4500","5000","4000","3000"
"285/60/18","16000","14000","10000","13000","11000","8000","8000","7000","6000","13000","11500","8000","11000","10000","7000","8000","7000","5500","9000","8000","6000","6500","6000","4500","5000","4000","3000"
"225/45/19","16000","14000","10000","13000","11000","8000","8000","7000","6000","13000","11500","8000","11000","10000","7000","8000","7000","5500","9000","8000","6000","6500","6000","4500","5000","4000","3000"
"225/55/19","16000","14000","10000","13000","11000","8000","8000","7000","6000","13000","11500","8000","11000","10000","7000","8000","7000","5500","9000","8000","6000","6500","6000","4500","5000","4000","3000"
"235/45/19","16000","14000","10000","13000","11000","8000","8000","7000","6000","13000","11500","8000","11000","10000","7000","8000","7000","5500","9000","8000","6000","6500","6000","4500","5000","4000","3000"
"235/50/19","16000","14000","10000","13000","11000","8000","8000","7000","6000","13000","11500","8000","11000","10000","7000","8000","7000","5500","9000","8000","6000","6500","6000","4500","5000","4000","3000"
"235/55/19","16000","14000","10000","13000","11000","8000","8000","7000","6000","13000","11500","8000","11000","10000","7000","8000","7000","5500","9000","8000","6000","6500","6000","4500","5000","4000","3000"
"235/65/19","12000","10000","7500","10000","8000","6000","6500","6000","4000","10000","8000","6500","9000","7000","6000","6500","5500","4000","8000","7000","5500","6000","5500","4000","4500","3500","2500"
"245/35/19","14000","12000","9000","11000","10000","7000","7000","6500","5000","12000","10000","7000","10000","9000","6000","7000","6000","5000","8500","7500","6000","6500","6000","4500","5000","4000","3000"
"245/40/19","20000","16000","12000","15000","13000","12000","12000","11000","9000","15000","13000","10000","13000","12000","9000","9000","8000","7000","12000","11000","8000","8500","7500","6000","6000","5000","4000"
"245/45/19","20000","16000","12000","15000","13000","12000","12000","11000","9000","15000","13000","10000","13000","12000","9000","9000","8000","7000","12000","11000","8000","8500","7500","6000","6000","5000","4000"
"245/55/19","18000","15000","11000","14000","12000","9000","9000","8000","7000","14000","12000","9000","12000","11000","8000","8500","7500","6000","10000","9000","6500","7500","7000","5000","5500","4500","3500"
"255/35/19","16000","14000","10000","13000","11000","8000","8000","7000","6000","13000","11500","8000","11000","10000","7000","8000","7000","5500","9000","8000","6000","6500","6000","4500","5000","4000","3000"
"255/40/19","20000","16000","12000","15000","13000","12000","12000","11000","9000","15000","13000","10000","13000","12000","9000","9000","8000","7000","12000","11000","8000","8500","7500","6000","6000","5000","4000"
"255/45/19","20000","16000","12000","15000","13000","12000","12000","11000","9000","15000","13000","10000","13000","12000","9000","9000","8000","7000","12000","11000","8000","8500","7500","6000","6000","5000","4000"
"255/50/19","18000","15000","11000","14000","12000","9000","9000","8000","7000","14000","12000","9000","12000","11000","8000","8500","7500","6000","10000","9000","6500","7500","7000","5000","5500","4500","3500"
"255/55/19","18000","15000","11000","14000","12000","9000","9000","8000","7000","14000","12000","9000","12000","11000","8000","8500","7500","6000","10000","9000","6500","7500","7000","5000","5500","4500","3500"
"265/50/19","18000","15000","11000","14000","12000","9000","9000","8000","7000","14000","12000","9000","12000","11000","8000","8500","7500","6000","10000","9000","6500","7500","7000","5000","5500","4500","3500"
"275/35/19","20000","16000","12000","15000","13000","12000","12000","11000","9000","15000","13000","10000","13000","12000","9000","9000","8000","7000","12000","11000","8000","8500","7500","6000","6000","5000","4000"
"275/40/19","20000","16000","12000","15000","13000","12000","12000","11000","9000","15000","13000","10000","13000","12000","9000","9000","8000","7000","12000","11000","8000","8500","7500","6000","6000","5000","4000"
"275/45/19","18000","15000","11000","14000","12000","9000","9000","8000","7000","14000","12000","9000","12000","11000","8000","8500","7500","6000","10000","9000","6500","7500","7000","5000","5500","4500","3500"
"275/55/19","18000","15000","11000","14000","12000","9000","9000","8000","7000","14000","12000","9000","12000","11000","8000","8500","7500","6000","10000","9000","6500","7500","7000","5000","5500","4500","3500"
"285/35/19","20000","16000","12000","15000","13000","12000","12000","11000","9000","15000","13000","10000","13000","12000","9000","9000","8000","7000","12000","11000","8000","8500","7500","6000","6000","5000","4000"
"285/45/19","20000","16000","12000","15000","13000","12000","12000","11000","9000","15000","13000","10000","13000","12000","9000","9000","8000","7000","12000","11000","8000","8500","7500","6000","6000","5000","4000"
"295/30/19","18000","15000","11000","14000","12000","9000","9000","8000","7000","14000","12000","9000","12000","11000","8000","8500","7500","6000","10000","9000","6500","7500","7000","5000","5500","4500","3500"
"235/55/20","18000","15000","11000","14000","12000","9000","9000","8000","7000","14000","12000","9000","12000","11000","8000","8500","7500","6000","10000","9000","6500","7500","7000","5000","5500","4500","3500"
"245/35/20","18000","15000","11000","14000","12000","9000","9000","8000","7000","14000","12000","9000","12000","11000","8000","8500","7500","6000","10000","9000","6500","7500","7000","5000","5500","4500","3500"
"245/40/20","20000","16000","12000","15000","13000","12000","12000","11000","9000","15000","13000","10000","13000","12000","9000","9000","8000","7000","12000","11000","8000","8500","7500","6000","6000","5000","4000"
"245/45/20","18000","15000","11000","14000","12000","9000","9000","8000","7000","14000","12000","9000","12000","11000","8000","8500","7500","6000","10000","9000","6500","7500","7000","5000","5500","4500","3500"
"245/50/20","16000","14000","10000","13000","11000","8000","8000","7000","6000","13000","11500","8000","11000","10000","7000","8000","7000","5500","9000","8000","6000","6500","6000","4500","5000","4000","3000"
"255/35/20","18000","15000","11000","14000","12000","9000","9000","8000","7000","14000","12000","9000","12000","11000","8000","8500","7500","6000","10000","9000","6500","7500","7000","5000","5500","4500","3500"
"255/40/20","18000","15000","11000","14000","12000","9000","9000","8000","7000","14000","12000","9000","12000","11000","8000","8500","7500","6000","10000","9000","6500","7500","7000","5000","5500","4500","3500"
"255/45/20","16000","14000","10000","13000","11000","8000","8000","7000","6000","13000","11500","8000","11000","10000","7000","8000","7000","5500","9000","8000","6000","6500","6000","4500","5000","4000","3000"
"255/50/20","18000","15000","11000","14000","12000","9000","9000","8000","7000","14000","12000","9000","12000","11000","8000","8500","7500","6000","10000","9000","6500","7500","7000","5000","5500","4500","3500"
"255/55/20","18000","15000","11000","14000","12000","9000","9000","8000","7000","14000","12000","9000","12000","11000","8000","8500","7500","6000","10000","9000","6500","7500","7000","5000","5500","4500","3500"
"265/30/20","18000","15000","11000","14000","12000","9000","9000","8000","7000","14000","12000","9000","12000","11000","8000","8500","7500","6000","10000","9000","6500","7500","7000","5000","5500","4500","3500"
"265/45/20","18000","15000","11000","14000","12000","9000","9000","8000","7000","14000","12000","9000","12000","11000","8000","8500","7500","6000","10000","9000","6500","7500","7000","5000","5500","4500","3500"
"265/50/20","20000","16000","12000","15000","13000","12000","12000","11000","9000","15000","13000","10000","13000","12000","9000","9000","8000","7000","12000","11000","8000","8500","7500","6000","6000","5000","4000"
"275/30/20","18000","15000","11000","14000","12000","9000","9000","8000","7000","14000","12000","9000","12000","11000","8000","8500","7500","6000","10000","9000","6500","7500","7000","5000","5500","4500","3500"
"275/35/20","20000","16000","12000","15000","13000","12000","12000","11000","9000","15000","13000","10000","13000","12000","9000","9000","8000","7000","12000","11000","8000","8500","7500","6000","6000","5000","4000"
"275/40/20","18000","15000","11000","14000","12000","9000","9000","8000","7000","14000","12000","9000","12000","11000","8000","8500","7500","6000","10000","9000","6500","7500","7000","5000","5500","4500","3500"
"275/45/20","20000","16000","12000","15000","13000","12000","12000","11000","9000","15000","13000","10000","13000","12000","9000","9000","8000","7000","12000","11000","8000","8500","7500","6000","6000","5000","4000"
"275/50/20","18000","15000","11000","14000","12000","9000","9000","8000","7000","14000","12000","9000","12000","11000","8000","8500","7500","6000","10000","9000","6500","7500","7000","5000","5500","4500","3500"
"275/55/20","18000","15000","11000","14000","12000","9000","9000","8000","7000","14000","12000","9000","12000","11000","8000","8500","7500","6000","10000","9000","6500","7500","7000","5000","5500","4500","3500"
"275/60/20","16000","14000","10000","13000","11000","8000","8000","7000","6000","13000","11500","8000","11000","10000","7000","8000","7000","5500","9000","8000","6000","6500","6000","4500","5000","4000","3000"
"285/35/20","18000","15000","11000","14000","12000","9000","9000","8000","7000","14000","12000","9000","12000","11000","8000","8500","7500","6000","10000","9000","6500","7500","7000","5000","5500","4500","3500"
"285/45/20","16000","14000","10000","13000","11000","8000","8000","7000","6000","13000","11500","8000","11000","10000","7000","8000","7000","5500","9000","8000","6000","6500","6000","4500","5000","4000","3000"
"285/50/20","20000","16000","12000","15000","13000","12000","12000","11000","9000","15000","13000","10000","13000","12000","9000","9000","8000","7000","12000","11000","8000","8500","7500","6000","6000","5000","4000"
"295/30/20","18000","15000","11000","14000","12000","9000","9000","8000","7000","14000","12000","9000","12000","11000","8000","8500","7500","6000","10000","9000","6500","7500","7000","5000","5500","4500","3500"
"295/35/20","18000","15000","11000","14000","12000","9000","9000","8000","7000","14000","12000","9000","12000","11000","8000","8500","7500","6000","10000","9000","6500","7500","7000","5000","5500","4500","3500"
"295/40/20","18000","15000","11000","14000","12000","9000","9000","8000","7000","14000","12000","9000","12000","11000","8000","8500","7500","6000","10000","9000","6500","7500","7000","5000","5500","4500","3500"
"305/30/20","18000","15000","11000","14000","12000","9000","9000","8000","7000","14000","12000","9000","12000","11000","8000","8500","7500","6000","10000","9000","6500","7500","7000","5000","5500","4500","3500"
"305/45/20","18000","15000","11000","14000","12000","9000","9000","8000","7000","14000","12000","9000","12000","11000","8000","8500","7500","6000","10000","9000","6500","7500","7000","5000","5500","4500","3500"
"305/50/20","18000","15000","11000","14000","12000","9000","9000","8000","7000","14000","12000","9000","12000","11000","8000","8500","7500","6000","10000","9000","6500","7500","7000","5000","5500","4500","3500"
"315/35/20","20000","16000","12000","15000","13000","12000","12000","11000","9000","15000","13000","10000","13000","12000","9000","9000","8000","7000","12000","11000","8000","8500","7500","6000","6000","5000","4000"
"255/35/21","18000","15000","11000","14000","12000","9000","9000","8000","7000","14000","12000","9000","12000","11000","8000","8500","7500","6000","10000","9000","6500","7500","7000","5000","5500","4500","3500"
"265/40/21","20000","16000","12000","15000","13000","12000","12000","11000","9000","15000","13000","10000","13000","12000","9000","9000","8000","7000","12000","11000","8000","8500","7500","6000","6000","5000","4000"
"265/45/21","20000","16000","12000","15000","13000","12000","12000","11000","9000","15000","13000","10000","13000","12000","9000","9000","8000","7000","12000","11000","8000","8500","7500","6000","6000","5000","4000"
"275/45/21","20000","16000","12000","15000","13000","12000","12000","11000","9000","15000","13000","10000","13000","12000","9000","9000","8000","7000","12000","11000","8000","8500","7500","6000","6000","5000","4000"
"275/50/21","18000","15000","11000","14000","12000","9000","9000","8000","7000","14000","12000","9000","12000","11000","8000","8500","7500","6000","10000","9000","6500","7500","7000","5000","5500","4500","3500"
"295/30/21","18000","15000","11000","14000","12000","9000","9000","8000","7000","14000","12000","9000","12000","11000","8000","8500","7500","6000","10000","9000","6500","7500","7000","5000","5500","4500","3500"
"295/35/21","20000","16000","12000","15000","13000","12000","12000","11000","9000","15000","13000","10000","13000","12000","9000","9000","8000","7000","12000","11000","8000","8500","7500","6000","6000","5000","4000"
"295/40/21","25000","20000","13000","18000","14000","13000","13000","12000","1000","16000","14000","11000","14000","13000","10000","10000","9000","8000","13000","12000","9000","10000","8500","7000","7000","6000","5000"
"315/40/21","25000","20000","13000","18000","14000","13000","13000","12000","1000","16000","14000","11000","14000","13000","10000","10000","9000","8000","13000","12000","9000","10000","8500","7000","7000","6000","5000"
"275/40/22","25000","20000","13000","18000","14000","13000","13000","12000","1000","16000","14000","11000","14000","13000","10000","10000","9000","8000","13000","12000","9000","10000","8500","7000","7000","6000","5000"
"275/50/22","20000","16000","12000","15000","13000","12000","12000","11000","9000","15000","13000","10000","13000","12000","9000","9000","8000","7000","12000","11000","8000","8500","7500","6000","6000","5000","4000"
"285/45/22","25000","20000","13000","18000","14000","13000","13000","12000","1000","16000","14000","11000","14000","13000","10000","10000","9000","8000","13000","12000","9000","10000","8500","7000","7000","6000","5000"
"305/35/22","25000","20000","13000","18000","14000","13000","13000","12000","1000","16000","14000","11000","14000","13000","10000","10000","9000","8000","13000","12000","9000","10000","8500","7000","7000","6000","5000"
